15	45657068	1626054	CA	C	.	PASS	DP=84;SOMATIC;SS=2;SSC=7;GPV=1E0;SPV=1.7485E-1;ALLELEID=1575269;CLNDISDB=MONDO:MONDO:0012996,MedGen:C2675179,OMIM:612718,Orphanet:35704;CLNDN=Arginine:glycine_amidinotransferase_deficiency;CLNHGVS=NC_000015.9:g.45657076del;CLNREVSTAT=criteria_provided,_single_submitter;CLNSIG=Benign;CLNSIGSCV=SCV002437871;CLNVC=Deletion;CLNVCSO=SO:0000159;CLNVI=ClinGen:CA7542810;GENEINFO=GATM:2628;MC=SO:0001627|intron_variant;ORIGIN=1;RS=202176047	GT:GQ:DP:RD:AD:FREQ:DP4	0/0:.:48:48:0:0%:8,40,0,0	0/1:.:36:33:2:5.71%:8,25,1,1
15	76588096	2144273	GA	G	.	PASS	DP=76;SOMATIC;SS=2;SSC=7;GPV=1E0;SPV=1.8192E-1;ALLELEID=1876177;CLNDISDB=MONDO:MONDO:0009282,MedGen:C0268596,OMIM:231680,Orphanet:26791;CLNDN=Multiple_acyl-CoA_dehydrogenase_deficiency;CLNHGVS=NC_000015.9:g.76588105del;CLNREVSTAT=criteria_provided,_single_submitter;CLNSIG=Benign;CLNSIGSCV=SCV003450526;CLNVC=Deletion;CLNVCSO=SO:0000159;CLNVI=ClinGen:CA7673870;GENEINFO=ETFA:2108;MC=SO:0001627|intron_variant;ORIGIN=1;RS=755841159	GT:GQ:DP:RD:AD:FREQ:DP4	0/0:.:43:41:0:0%:3,38,0,0	0/1:.:33:29:2:6.45%:1,28,0,2
15	78310306	3911105	GA	G	.	PASS	DP=100;SOMATIC;SS=2;SSC=15;GPV=1E0;SPV=2.5243E-2;ALLELEID=4025081;CLNDISDB=MedGen:CN169374;CLNDN=not_specified;CLNHGVS=NC_000015.9:g.78310318del;CLNREVSTAT=criteria_provided,_single_submitter;CLNSIG=Benign;CLNSIGSCV=SCV006104960;CLNVC=Deletion;CLNVCSO=SO:0000159;GENEINFO=TBC1D2B:23102;MC=SO:0001627|intron_variant;ORIGIN=1	GT:GQ:DP:RD:AD:FREQ:DP4	0/0:.:62:60:1:1.64%:10,50,0,1	0/1:.:38:31:5:13.89%:5,26,1,4
15	34014982	2339509	G	T	.	PASS	DP=68;SOMATIC;SS=2;SSC=8;GPV=1E0;SPV=1.5408E-1;ALLELEID=2319748;CLNDISDB=MedGen:CN169374;CLNDN=not_specified;CLNHGVS=NC_000015.9:g.34014982G>T;CLNREVSTAT=criteria_provided,_single_submitter;CLNSIG=Uncertain_significance;CLNSIGSCV=SCV003667563;CLNVC=single_nucleotide_variant;CLNVCSO=SO:0001483;CLNVI=ClinGen:CA391587047;GENEINFO=RYR3:6263;MC=SO:0001583|missense_variant;ORIGIN=1;RS=2505745909	GT:GQ:DP:RD:AD:FREQ:DP4	0/0:.:41:41:0:0%:23,18,0,0	0/1:.:27:25:2:7.41%:11,14,1,1
15	50784955	1647445	C	A	.	PASS	DP=77;SOMATIC;SS=2;SSC=12;GPV=1E0;SPV=6.1449E-2;AF_EXAC=0.34431;ALLELEID=1653868;CLNDISDB=MedGen:C3661900|MONDO:MONDO:0019064,MedGen:C0037773,OMIM:PS303350,Orphanet:685;CLNDN=not_provided|Hereditary_spastic_paraplegia;CLNHGVS=NC_000015.9:g.50784955C>A;CLNREVSTAT=criteria_provided,_multiple_submitters,_no_conflicts;CLNSIG=Benign;CLNSIGSCV=SCV002470210|SCV005295745;CLNVC=single_nucleotide_variant;CLNVCSO=SO:0001483;CLNVI=ClinGen:CA7555942;GENEINFO=USP8:9101;MC=SO:0001583|missense_variant;ORIGIN=1;RS=74840283	GT:GQ:DP:RD:AD:FREQ:DP4	0/0:.:46:46:0:0%:25,21,0,0	0/1:.:31:28:3:9.68%:22,6,2,1
15	51783820	1255510	T	C	.	PASS	DP=48;SOMATIC;SS=2;SSC=8;GPV=1E0;SPV=1.5032E-1;AF_ESP=0.48952;AF_EXAC=0.49471;AF_TGP=0.44509;ALLELEID=1245441;CLNDISDB=MONDO:MONDO:0033258,MedGen:C4539881,OMIM:617605|MONDO:MONDO:0014497,MedGen:C4015261,OMIM:616113,Orphanet:453533|MONDO:MONDO:0032858,MedGen:C5231450,OMIM:618663|MedGen:CN169374|MedGen:C3661900;CLNDN=Hearing_loss,_autosomal_dominant_71|Polyendocrine-polyneuropathy_syndrome|Developmental_and_epileptic_encephalopathy,_81|not_specified|not_provided;CLNHGVS=NC_000015.9:g.51783820T>C;CLNREVSTAT=criteria_provided,_multiple_submitters,_no_conflicts;CLNSIG=Benign;CLNSIGSCV=SCV001876824|SCV001876825|SCV001876826|SCV001895054|SCV002354180|SCV005288769|SCV007314197;CLNVC=single_nucleotide_variant;CLNVCSO=SO:0001483;CLNVI=ClinGen:CA7561926;GENEINFO=DMXL2:23312;MC=SO:0001619|non-coding_transcript_variant,SO:0001819|synonymous_variant;ORIGIN=1;RS=10851500	GT:GQ:DP:RD:AD:FREQ:DP4	0/0:.:22:22:0:0%:17,5,0,0	0/1:.:26:23:3:11.54%:12,11,1,2
16	632073	1221473	C	T	.	PASS	DP=30;SOMATIC;SS=2;SSC=5;GPV=1E0;SPV=3.1264E-1;AF_EXAC=0.53279;AF_TGP=0.52895;ALLELEID=1210585;CLNDISDB=MedGen:C3661900;CLNDN=not_provided;CLNHGVS=NC_000016.9:g.632073C>T;CLNREVSTAT=criteria_provided,_multiple_submitters,_no_conflicts;CLNSIG=Benign;CLNSIGSCV=SCV001831273|SCV005294306;CLNVC=single_nucleotide_variant;CLNVCSO=SO:0001483;CLNVI=ClinGen:CA7780363;GENEINFO=PIGQ:9091;MC=SO:0001627|intron_variant;ORIGIN=1;RS=916414	GT:GQ:DP:RD:AD:FREQ:DP4	0/0:.:13:13:0:0%:9,4,0,0	0/1:.:17:15:2:11.76%:14,1,2,0
16	4445327	rs3747579;1231728	C	T	.	PASS	DP=59;SOMATIC;SS=2;SSC=6;GPV=1E0;SPV=2.3729E-1;AC=1316;AF=0.471;AN=2794;AF_ESP=0.54756;AF_EXAC=0.64993;AF_TGP=0.50739;ALLELEID=1220399;CLNDISDB=MedGen:C3661900;CLNDN=not_provided;CLNHGVS=NC_000016.9:g.4445327C>T;CLNREVSTAT=criteria_provided,_multiple_submitters,_no_conflicts;CLNSIG=Benign;CLNSIGSCV=SCV001842225|SCV005295992;CLNVC=single_nucleotide_variant;CLNVCSO=SO:0001483;CLNVI=ClinGen:CA7875251;GENEINFO=CORO7:79585|CORO7-PAM16:100529144;MC=SO:0001583|missense_variant,SO:0001623|5_prime_UTR_variant;ORIGIN=1;RS=3747579	GT:GQ:DP:RD:AD:FREQ:DP4	0/0:.:30:30:0:0%:8,22,0,0	0/1:.:29:27:2:6.9%:13,14,1,1
16	27629821	4041213	C	T	.	PASS	DP=99;SOMATIC;SS=2;SSC=7;GPV=1E0;SPV=1.6079E-1;ALLELEID=4161733;CLNDISDB=MedGen:CN169374;CLNDN=not_specified;CLNHGVS=NC_000016.9:g.27629821C>T;CLNREVSTAT=criteria_provided,_single_submitter;CLNSIG=Uncertain_significance;CLNSIGSCV=SCV006261281;CLNVC=single_nucleotide_variant;CLNVCSO=SO:0001483;GENEINFO=KATNIP:23247;MC=SO:0001583|missense_variant;ORIGIN=1	GT:GQ:DP:RD:AD:FREQ:DP4	0/0:.:59:59:0:0%:18,41,0,0	0/1:.:40:38:2:5%:13,25,1,1
16	31202716	1774863	G	T	.	PASS	DP=72;SOMATIC;SS=2;SSC=8;GPV=1E0;SPV=1.3043E-1;AF_EXAC=0.00224;ALLELEID=1833449;CLNDISDB=MeSH:D030342,MedGen:C0950123;CLNDN=Inborn_genetic_diseases;CLNHGVS=NC_000016.9:g.31202716G>T;CLNREVSTAT=criteria_provided,_single_submitter;CLNSIG=Likely_benign;CLNSIGSCV=SCV002706260;CLNVC=single_nucleotide_variant;CLNVCSO=SO:0001483;CLNVI=ClinGen:CA8024115;GENEINFO=FUS:2521;MC=SO:0001627|intron_variant;ORIGIN=1;RS=77839730	GT:GQ:DP:RD:AD:FREQ:DP4	0/0:.:35:34:0:0%:19,15,0,0	0/1:.:37:33:3:8.33%:13,20,2,1
16	58750604	1285300	G	A	.	PASS	DP=112;SOMATIC;SS=2;SSC=10;GPV=1E0;SPV=9.137E-2;AF_ESP=0.71376;AF_EXAC=0.67031;AF_TGP=0.72025;ALLELEID=1275143;CLNDISDB=MONDO:MONDO:0032880,MedGen:C5231473,OMIM:618721|MedGen:C3661900;CLNDN=Developmental_and_epileptic_encephalopathy,_82|not_provided;CLNHGVS=NC_000016.9:g.58750604G>A;CLNREVSTAT=criteria_provided,_multiple_submitters,_no_conflicts;CLNSIG=Benign;CLNSIGSCV=SCV001933886|SCV002409481|SCV005248973;CLNVC=single_nucleotide_variant;CLNVCSO=SO:0001483;CLNVI=ClinGen:CA8090938;GENEINFO=GOT2:2806;MC=SO:0001819|synonymous_variant;ORIGIN=1;RS=1058192	GT:GQ:DP:RD:AD:FREQ:DP4	0/0:.:61:61:0:0%:31,30,0,0	0/1:.:51:48:3:5.88%:18,30,2,1
16	85838653	rs2599091;4684115	T	C	.	PASS	DP=68;SOMATIC;SS=2;SSC=8;GPV=1E0;SPV=1.5408E-1;AC=1403;AF=0.921;AN=1524;ALLELEID=4795554;CLNDISDB=MedGen:CN169374;CLNDN=not_specified;CLNHGVS=NC_000016.9:g.85838653T>C;CLNREVSTAT=criteria_provided,_single_submitter;CLNSIG=Benign;CLNSIGSCV=SCV007313263;CLNVC=single_nucleotide_variant;CLNVCSO=SO:0001483;GENEINFO=COX4I1:1327;MC=SO:0001623|5_prime_UTR_variant,SO:0001819|synonymous_variant;ORIGIN=1	GT:GQ:DP:RD:AD:FREQ:DP4	0/0:.:41:41:0:0%:4,37,0,0	0/1:.:27:25:2:7.41%:5,20,1,1
16	89611199	258907	G	A	.	PASS	DP=57;SOMATIC;SS=2;SSC=6;GPV=1E0;SPV=2.0363E-1;AF_ESP=0.06279;AF_EXAC=0.09953;AF_TGP=0.14597;ALLELEID=255961;CLNDISDB=MedGen:CN169374|MedGen:C3661900|MONDO:MONDO:0011803,MedGen:C1846564,OMIM:607259,Orphanet:99013;CLNDN=not_specified|not_provided|Hereditary_spastic_paraplegia_7;CLNHGVS=NC_000016.9:g.89611199G>A;CLNREVSTAT=criteria_provided,_multiple_submitters,_no_conflicts;CLNSIG=Benign;CLNSIGSCV=SCV000309378|SCV001717316|SCV001935636|SCV005253216;CLNVC=single_nucleotide_variant;CLNVCSO=SO:0001483;CLNVI=ClinGen:CA8244177;GENEINFO=SPG7:6687;MC=SO:0001627|intron_variant;ORIGIN=1;RS=79201073	GT:GQ:DP:RD:AD:FREQ:DP4	0/0:.:31:31:0:0%:11,20,0,0	0/1:.:26:24:2:7.69%:9,15,1,1
17	7577156	634661	C	A	.	PASS	DP=86;SOMATIC;SS=2;SSC=114;GPV=1E0;SPV=3.2145E-12;ALLELEID=622663;CLNDISDB=Human_Phenotype_Ontology:HP:0100615,MONDO:MONDO:0021068,MeSH:D010051,MedGen:C0919267|MONDO:MONDO:0015356,MeSH:D009386,MedGen:C0027672,Orphanet:140162|MONDO:MONDO:0018875,MedGen:C0085390,OMIM:PS151623,Orphanet:524;CLNDN=Ovarian_neoplasm|Hereditary_cancer-predisposing_syndrome|Li-Fraumeni_syndrome;CLNHGVS=NC_000017.10:g.7577156C>A;CLNREVSTAT=criteria_provided,_multiple_submitters,_no_conflicts;CLNSIG=Pathogenic/Likely_pathogenic;CLNSIGSCV=SCV001574348|SCV005522072;CLNVC=single_nucleotide_variant;CLNVCSO=SO:0001483;CLNVI=ClinGen:CA397837291;GENEINFO=TP53:7157;MC=SO:0001574|splice_acceptor_variant;ONC=Likely_oncogenic;ONCDISDB=Human_Phenotype_Ontology:HP:0002664,Human_Phenotype_Ontology:HP:0003008,Human_Phenotype_Ontology:HP:0006741,MONDO:MONDO:0005070,MeSH:D009369,MedGen:C0027651;ONCDN=Neoplasm;ONCREVSTAT=criteria_provided,_single_submitter;ONCSCV=SCV005094402;ORIGIN=3;RS=1555525367	GT:GQ:DP:RD:AD:FREQ:DP4	0/0:.:46:46:0:0%:9,37,0,0	0/1:.:40:14:26:65%:3,11,3,23
17	71197439	rs1551036;95913	C	T	.	PASS	DP=141;SOMATIC;SS=2;SSC=17;GPV=1E0;SPV=1.766E-2;AC=299;AF=0.117;AN=2546;AF_ESP=0.14093;AF_EXAC=0.16575;AF_TGP=0.13179;ALLELEID=101809;CLNDISDB=MONDO:MONDO:0012637,MedGen:C2931011,OMIM:611209,Orphanet:263508|MedGen:CN169374|MedGen:C3661900;CLNDN=COG1_congenital_disorder_of_glycosylation|not_specified|not_provided;CLNHGVS=NC_000017.10:g.71197439C>T;CLNREVSTAT=criteria_provided,_multiple_submitters,_no_conflicts;CLNSIG=Benign;CLNSIGSCV=SCV000113897|SCV000406290|SCV001725704|SCV001944174|SCV005249432|SCV007312149;CLNVC=single_nucleotide_variant;CLNVCSO=SO:0001483;CLNVI=ClinGen:CA149032;GENEINFO=COG1:9382;MC=SO:0001819|synonymous_variant;ORIGIN=1;RS=1551036	GT:GQ:DP:RD:AD:FREQ:DP4	0/0:.:89:88:0:0%:52,36,0,0	0/1:.:52:48:4:7.69%:19,29,1,3
17	79982934	2281616	G	A	.	PASS	DP=82;SOMATIC;SS=2;SSC=6;GPV=1E0;SPV=2.0054E-1;AF_EXAC=0.00009;ALLELEID=2267545;CLNDISDB=MedGen:CN169374;CLNDN=not_specified;CLNHGVS=NC_000017.10:g.79982934G>A;CLNREVSTAT=criteria_provided,_single_submitter;CLNSIG=Uncertain_significance;CLNSIGSCV=SCV003614202;CLNVC=single_nucleotide_variant;CLNVCSO=SO:0001483;CLNVI=ClinGen:CA8847648;GENEINFO=LRRC45:201255;MC=SO:0001583|missense_variant;ORIGIN=1;RS=780306000	GT:GQ:DP:RD:AD:FREQ:DP4	0/0:.:45:45:0:0%:20,25,0,0	0/1:.:37:35:2:5.41%:8,27,1,1
15	51783820	1255510	T	C	.	PASS	SOMATIC;QSS=42;TQSS=1;NT=ref;QSS_NT=42;TQSS_NT=1;SGT=TT->CT;DP=61;MQ=60.00;MQ0=0;ReadPosRankSum=0.62;SNVSB=0.00;SomaticEVS=8.21;AF_ESP=0.48952;AF_EXAC=0.49471;AF_TGP=0.44509;ALLELEID=1245441;CLNDISDB=MONDO:MONDO:0033258,MedGen:C4539881,OMIM:617605|MONDO:MONDO:0014497,MedGen:C4015261,OMIM:616113,Orphanet:453533|MONDO:MONDO:0032858,MedGen:C5231450,OMIM:618663|MedGen:CN169374|MedGen:C3661900;CLNDN=Hearing_loss,_autosomal_dominant_71|Polyendocrine-polyneuropathy_syndrome|Developmental_and_epileptic_encephalopathy,_81|not_specified|not_provided;CLNHGVS=NC_000015.9:g.51783820T>C;CLNREVSTAT=criteria_provided,_multiple_submitters,_no_conflicts;CLNSIG=Benign;CLNSIGSCV=SCV001876824|SCV001876825|SCV001876826|SCV001895054|SCV002354180|SCV005288769|SCV007314197;CLNVC=single_nucleotide_variant;CLNVCSO=SO:0001483;CLNVI=ClinGen:CA7561926;GENEINFO=DMXL2:23312;MC=SO:0001619|non-coding_transcript_variant,SO:0001819|synonymous_variant;ORIGIN=1;RS=10851500	DP:FDP:SDP:SUBDP:AU:CU:GU:TU	30:0:0:0:0,0:0,0:1,1:29,29	31:0:0:0:0,0:4,4:0,0:27,27
15	62223273	rs9788670;1244323	C	T	.	PASS	SOMATIC;QSS=35;TQSS=1;NT=ref;QSS_NT=35;TQSS_NT=1;SGT=CC->CT;DP=118;MQ=60.00;MQ0=0;ReadPosRankSum=-1.92;SNVSB=0.00;SomaticEVS=9.25;AC=1546;AF=0.555;AN=2784;AF_ESP=0.53614;AF_EXAC=0.55737;AF_TGP=0.55072;ALLELEID=1236852;CLNDISDB=MONDO:MONDO:0014796,MedGen:C4225186,OMIM:616840,Orphanet:2828|MedGen:C3661900;CLNDN=Autosomal_recessive_early-onset_Parkinson_disease_23|not_provided;CLNHGVS=NC_000015.9:g.62223273C>T;CLNREVSTAT=criteria_provided,_multiple_submitters,_no_conflicts;CLNSIG=Benign;CLNSIGSCV=SCV001861600|SCV002401280|SCV002514500|SCV005290073;CLNVC=single_nucleotide_variant;CLNVCSO=SO:0001483;CLNVI=ClinGen:CA7595663;GENEINFO=VPS13C:54832;MC=SO:0001627|intron_variant;ORIGIN=1;RS=9788670	DP:FDP:SDP:SUBDP:AU:CU:GU:TU	78:0:0:0:0,0:76,76:0,0:2,2	40:0:0:0:1,1:35,35:0,0:4,4
17	7577156	634661	C	A	.	PASS	SOMATIC;QSS=132;TQSS=1;NT=ref;QSS_NT=132;TQSS_NT=1;SGT=CC->AC;DP=92;MQ=60.00;MQ0=0;ReadPosRankSum=1.21;SNVSB=0.00;SomaticEVS=19.69;ALLELEID=622663;CLNDISDB=Human_Phenotype_Ontology:HP:0100615,MONDO:MONDO:0021068,MeSH:D010051,MedGen:C0919267|MONDO:MONDO:0015356,MeSH:D009386,MedGen:C0027672,Orphanet:140162|MONDO:MONDO:0018875,MedGen:C0085390,OMIM:PS151623,Orphanet:524;CLNDN=Ovarian_neoplasm|Hereditary_cancer-predisposing_syndrome|Li-Fraumeni_syndrome;CLNHGVS=NC_000017.10:g.7577156C>A;CLNREVSTAT=criteria_provided,_multiple_submitters,_no_conflicts;CLNSIG=Pathogenic/Likely_pathogenic;CLNSIGSCV=SCV001574348|SCV005522072;CLNVC=single_nucleotide_variant;CLNVCSO=SO:0001483;CLNVI=ClinGen:CA397837291;GENEINFO=TP53:7157;MC=SO:0001574|splice_acceptor_variant;ONC=Likely_oncogenic;ONCDISDB=Human_Phenotype_Ontology:HP:0002664,Human_Phenotype_Ontology:HP:0003008,Human_Phenotype_Ontology:HP:0006741,MONDO:MONDO:0005070,MeSH:D009369,MedGen:C0027651;ONCDN=Neoplasm;ONCREVSTAT=criteria_provided,_single_submitter;ONCSCV=SCV005094402;ORIGIN=3;RS=1555525367	DP:FDP:SDP:SUBDP:AU:CU:GU:TU	48:0:0:0:0,0:48,48:0,0:0,0	44:2:0:0:28,30:14,14:0,0:0,0
17	48274624	675133	T	C	.	PASS	SOMATIC;QSS=29;TQSS=1;NT=ref;QSS_NT=28;TQSS_NT=1;SGT=TT->CT;DP=109;MQ=60.00;MQ0=0;ReadPosRankSum=-0.27;SNVSB=0.00;SomaticEVS=12.75;AF_ESP=0.12510;AF_EXAC=0.05614;AF_TGP=0.12979;ALLELEID=669131;CLNDISDB=MedGen:C3661900;CLNDN=not_provided;CLNHGVS=NC_000017.10:g.48274624T>C;CLNREVSTAT=criteria_provided,_multiple_submitters,_no_conflicts;CLNSIG=Benign;CLNSIGSCV=SCV000976245|SCV005249984;CLNVC=single_nucleotide_variant;CLNVCSO=SO:0001483;CLNVI=ClinGen:CA8645585;GENEINFO=COL1A1:1277|LOC126862586:126862586;MC=SO:0001627|intron_variant;ORIGIN=1;RS=11079898	DP:FDP:SDP:SUBDP:AU:CU:GU:TU	60:0:0:0:0,0:12,12:0,0:48,48	48:0:0:0:0,0:38,39:0,0:10,10
