TIER1	15	20093083	G	A	.	.
TIER1	15	21134223	G	T	.	.
TIER1	15	25585358	A	T	.	.
TIER1	15	33538393	T	A	.	.
TIER1	15	34398052	C	A	.	.
TIER1	15	35377036	C	T	.	.
TIER1	15	38645798	C	G	.	.
TIER1	15	40685406	A	T	.	.
TIER1	15	42438453	A	G	.	.
TIER1	15	42840421	G	C	.	.
TIER1	15	45457519	T	G	DUOX1	.
TIER1	15	50784955	C	A	USP8	Benign
TIER1	15	50784990	T	C	.	.
TIER1	15	51783820	T	C	DMXL2	Benign
TIER1	15	62534764	A	T	.	.
TIER1	15	63970580	G	C	.	.
TIER1	15	78310306	GA	G	TBC1D2B	Benign
TIER1	15	79586073	G	T	.	.
TIER1	15	85402487	C	G	.	.
TIER1	15	86791010	G	C	.	.
TIER1	15	91341532	G	C	.	.
TIER1	15	99670770	AG	A	.	.
TIER1	15	101717336	T	A	.	.
TIER1	16	2378577	C	A	.	.
TIER1	16	5517191	CTCTCTCT	C	.	.
TIER1	16	9017061	T	A	.	.
TIER1	16	23592425	C	G	.	.
TIER1	16	69988473	G	A	.	.
TIER1	16	69988502	T	C	.	.
TIER1	16	85838532	A	G	.	.
TIER1	17	4082989	T	G	.	.
TIER1	17	4192683	ACACATCAC	A	.	.
TIER1	17	7364331	G	GA	.	.
TIER1	17	7577156	C	A	TP53	Pathogenic/Likely_pathogenic
TIER1	17	18647625	T	A	.	.
TIER1	17	25621392	G	A	.	.
TIER1	17	26906313	G	A	.	.
TIER1	17	39464736	C	G	.	.
TIER1	17	39622068	G	T	.	.
TIER1	17	42390505	G	T	.	.
TIER1	17	57776597	T	G	.	.
TIER1	17	58089910	C	G	.	.
TIER1	17	64881375	C	T	.	.
TIER1	17	65908221	A	G	.	.
TIER1	17	71197439	C	T	COG1	Benign
TIER1	17	74211844	T	A	.	.
TIER1	17	74273320	T	C	.	.
TIER1	17	79226306	G	A	.	.
TIER1	17	79768908	G	C	.	.
TIER1	18	6997900	T	A	.	.
TIER1	18	28898251	G	C	.	.
TIER1	18	46343572	G	T	.	.
