15	34014982	G	T	RYR3	Uncertain_significance
15	45657068	CA	C	GATM	Benign
15	50784955	C	A	USP8	Benign
15	51783820	T	C	DMXL2	Benign
15	62223273	C	T	VPS13C	Benign
15	76588096	GA	G	ETFA	Benign
15	78310306	GA	G	TBC1D2B	Benign
16	632073	C	T	PIGQ	Benign
16	4445327	C	T	CORO7|CORO7-PAM16	Benign
16	27629821	C	T	KATNIP	Uncertain_significance
16	31202716	G	T	FUS	Likely_benign
16	58750604	G	A	GOT2	Benign
16	85838653	T	C	COX4I1	Benign
16	89611199	G	A	SPG7	Benign
17	7577156	C	A	TP53	Pathogenic/Likely_pathogenic
17	48274624	T	C	COL1A1|LOC126862586	Benign
17	71197439	C	T	COG1	Benign
17	79982934	G	A	LRRC45	Uncertain_significance
